Workbook

Sheet 1. Início
B2: Desenvolvido por:
C3: Planilha de Diagrama de Ishikawa
B4: GUIA DE PÁGINAS | C4: 1. INÍCIO | E4: 2. CAUSA E EFEITO | G4: 3. DIAGRAMA ESPINHA DE PEIXE | I4: 4. ANÁLISE GRÁFICA | K4: 5. SAIBA MAIS
I35: Passe o mouse por cima das células com marcador vermelho

Sheet 2. Causa e Efeito
B2: Desenvolvido por:
C3: Planilha de Diagrama de Ishikawa
B4: GUIA DE PÁGINAS | C4: 1. INÍCIO | E4: 2. CAUSA E EFEITO | F4: 3. DIAGRAMA ESPINHA DE PEIXE | H4: 4. ANÁLISE GRÁFICA | I4: 5. SAIBA MAIS
B6: Seu Problema (Efeito)
B9: Possíveis Causas relacionadas aos Materiais | E9: Possíveis Causas relacionadas aos Métodos | H9: Possíveis Causas relacionadas à Mão-de-obra
B10: Descrição | C10: Nota | E10: Descrição | F10: Nota | H10: Descrição | I10: Nota
B15: Média | C15: =IF(ISERROR(AVERAGE(C11:C14)),"",AVERAGE(C11:C14)) | E15: Média | F15: =IF(ISERROR(AVERAGE(F11:F14)),"",AVERAGE(F11:F14)) | H15: Média | I15: =IF(ISERROR(AVERAGE(I11:I14)),"",AVERAGE(I11:I14))
B17: Possíveis Causas relacionadas às Máquinas (ou Equipamentos) | E17: Possíveis Causas relacionadas ao Meio Ambiente | H17: Possíveis Causas relacionadas à Medida
B18: Descrição | C18: Nota | E18: Descrição | F18: Nota | H18: Descrição | I18: Nota
B23: Média | C23: =IF(ISERROR(AVERAGE(C19:C22)),"",AVERAGE(C19:C22)) | E23: Média | F23: =IF(ISERROR(AVERAGE(F19:F22)),"",AVERAGE(F19:F22)) | H23: Média | I23: =IF(ISERROR(AVERAGE(I19:I22)),"",AVERAGE(I19:I22))
B29: 1
B30: 2
B31: 3
B32: 4
B33: 5
B34: 6
B35: 7
B36: 8
B37: 9
B38: 10

Sheet 3. Diagrama Espinha de Peixe 
B2: Desenvolvido por:
K3: Planilha de Diagrama de Ishikawa
B4: GUIA DE PÁGINAS | G4: 1. INÍCIO | M4: 2. CAUSA E EFEITO | S4: 3. DIAGRAMA ESPINHA DE PEIXE | AA4: 4. ANÁLISE GRÁFICA | AH4: 5. SAIBA MAIS
B6: Materiais | O6: Método | AB6: Mão-de-obra
B8: ='2. Causa e Efeito'!B11 -> 0 | M8: ='2. Causa e Efeito'!E11 -> 0 | AA8: ='2. Causa e Efeito'!H11 -> 0
C11: ='2. Causa e Efeito'!B12 -> 0 | O11: ='2. Causa e Efeito'!E12 -> 0 | AC11: ='2. Causa e Efeito'!H12 -> 0
AT12: Problema
D14: ='2. Causa e Efeito'!B13 -> 0 | Q14: ='2. Causa e Efeito'!E13 -> 0 | AE14: ='2. Causa e Efeito'!H13 -> 0
E17: ='2. Causa e Efeito'!B14 -> 0 | R17: ='2. Causa e Efeito'!E14 -> 0 | AF17: ='2. Causa e Efeito'!H14 -> 0
F21: ='2. Causa e Efeito'!B19 -> 0 | S21: ='2. Causa e Efeito'!E19 -> 0 | AF21: ='2. Causa e Efeito'!H19 -> 0
E24: ='2. Causa e Efeito'!B20 -> 0 | R24: ='2. Causa e Efeito'!E20 -> 0 | AE24: ='2. Causa e Efeito'!H20 -> 0
D27: ='2. Causa e Efeito'!B21 -> 0 | Q27: ='2. Causa e Efeito'!E21 -> 0 | AD27: ='2. Causa e Efeito'!H21 -> 0
C30: ='2. Causa e Efeito'!B22 -> 0 | P30: ='2. Causa e Efeito'!E22 -> 0 | AC30: ='2. Causa e Efeito'!H22 -> 0
B34: Matéria-prima | N34: Meio ambiente | AB34: Medida

Sheet 4. Análise Gráfica
B2: Desenvolvido por:
C3: Planilha de Diagrama de Ishikawa
B4: GUIA DE PÁGINAS | C4: 1. INÍCIO | E4: 2. CAUSA E EFEITO | G4: 3. DIAGRAMA ESPINHA DE PEIXE | I4: 4. ANÁLISE GRÁFICA | K4: 5. SAIBA MAIS
C52: Ranking Geral
A53: Materiais | C53: ='2. Causa e Efeito'!C15
A54: Método | C54: ='2. Causa e Efeito'!F15
A55: Mão-de-obra | C55: ='2. Causa e Efeito'!I15
A56: Matéria-prima | C56: ='2. Causa e Efeito'!C23
A57: Meio Ambiente | C57: ='2. Causa e Efeito'!F23
A58: Medida | C58: ='2. Causa e Efeito'!I23
A59: Média | C59: =MEDIAN(C53:C58) -> #NUM!

Sheet 5. Saiba Mais
B2: Desenvolvido por:
C3: Planilha de Diagrama de Ishikawa
B4: GUIA DE PÁGINAS | C4: 1. INÍCIO | E4: 2. CAUSA E EFEITO | G4: 3. DIAGRAMA ESPINHA DE PEIXE | I4: 4. ANÁLISE GRÁFICA | K4: 5. SAIBA MAIS
B7: A planilha não atende às suas necessidades? | G7: Conheça alguns produtos complementares:
B14: Você precisa de ajuda para utilizar a planilha?
B20: Deixe um depoimento na página da planilha.
